problem,n_population,n_nondominated,n_feasible_nondominated,purity_min,purity_max,recovery_min,recovery_max,productivity_min,productivity_max,energy_min,energy_max
purity_recovery,160,160,160,0.769657193471671,0.918193877,0.3934067643485881,0.935081631,0.16992356676701997,0.306960494083311,1423.2958526875755,2757.3403099632014
productivity_energy,160,160,160,0.7696079469481375,0.7882335702661843,0.8191025728012307,0.8377371886884425,0.5319383941138367,0.552161344,913.4047415000001,936.1899300794053
