rank,model_name,model_label,global_norm_rmse,pareto_norm_rmse,selection_score,mean_test_r2,best_cv_norm_rmse,best_params
1,kernel_ridge_rbf,RBF kernel ridge,0.0025530320286164874,0.002709263308054352,0.0026467707962792063,0.9997743673273563,0.0034927154158209545,"{""regressor__model__alpha"": 0.0001, ""regressor__model__gamma"": 0.03}"
2,svr_rbf,RBF SVR,0.002756832899378228,0.0027125274395436863,0.002730249623477503,0.9997766000164835,0.004861618943840655,"{""regressor__model__estimator__C"": 100.0, ""regressor__model__estimator__epsilon"": 0.001, ""regressor__model__estimator__gamma"": 0.1}"
3,polynomial_ridge,Polynomial ridge,0.0022312103482437715,0.0037806432501419408,0.0031608700893826732,0.9998348558407144,0.0025242070344905962,"{""regressor__model__alpha"": 0.001, ""regressor__poly__degree"": 4}"
4,mlp,Neural network,0.011595968417059795,0.013499879725630567,0.012738315202202258,0.9972492665967121,0.013195680368892265,"{""regressor__model__alpha"": 0.001, ""regressor__model__hidden_layer_sizes"": [128, 64], ""regressor__model__learning_rate_init"": 0.001}"
5,hist_gradient_boosting,Gradient boosting,0.024968466785632505,0.024011641415939873,0.02439437156381693,0.9875248012339329,0.03169395257798325,"{""regressor__estimator__l2_regularization"": 0.001, ""regressor__estimator__learning_rate"": 0.08, ""regressor__estimator__max_iter"": 320, ""regressor__estimator__max_leaf_nodes"": 15}"
6,extra_trees,Extra trees,0.040016360926475925,0.042707148790127034,0.04163083364466659,0.968115973452351,0.04529263057421289,"{""regressor__max_depth"": 20, ""regressor__max_features"": 1.0, ""regressor__min_samples_leaf"": 1, ""regressor__n_estimators"": 300}"
7,random_forest,Random forest,0.04874600459377243,0.048180626847302316,0.048406777945890364,0.9530980352829411,0.053508789377383854,"{""regressor__max_depth"": null, ""regressor__max_features"": 1.0, ""regressor__min_samples_leaf"": 1, ""regressor__n_estimators"": 240}"
8,ridge,Ridge,0.057731482075147375,0.0787082276784885,0.07031752943715204,0.9290669635742148,0.060932433292591216,"{""regressor__model__alpha"": 0.0001}"
